{
  "Camera": {
    "Orthographic": {
      "EulerAngles": [
        0.0,
        -0.0,
        0.0
      ],
      "Position": [
        -0.0,
        -0.0,
        0.0
      ],
      "Scale": [
        1.0,
        1.0,
        1.0
      ]
    },
    "ParameterCollection": {
      "DoDraw": 0,
      "DoLateDraw": 0,
      "DoLateUpdate": 1,
      "DoUpdate": 1
    },
    "Perspective": {
      "EulerAngles": [
        90.0,
        -0.0,
        90.0
      ],
      "Position": [
        -107374176.0,
        -107374176.0,
        -107374176.0
      ],
      "Scale": [
        -107374176.0,
        -107374176.0,
        -107374176.0
      ]
    },
    "View": {
      "EulerAngles": [
        17.0000057220459,
        -2.3950449303811183e-06,
        -7.322390160879877e-07
      ],
      "Position": [
        2.1855699117168115e-07,
        0.02740180492401123,
        -5.220081329345703
      ],
      "Scale": [
        1.0,
        1.0,
        1.0
      ]
    }
  },
  "Cube": {
    "ParameterCollection": {
      "DoDraw": 1,
      "DoLateDraw": 0,
      "DoLateUpdate": 0,
      "DoUpdate": 1
    },
    "Shading": {
      "FlatColor": [
        0.0,
        0.20000000298023224,
        0.699999988079071,
        1.0
      ],
      "ParameterCollection": {
        "Blend": 1,
        "EnableDepthTest": 1,
        "RenderPerspective": 1
      }
    },
    "Transform": {
      "EulerAngles": [
        0.0,
        -0.0,
        0.0
      ],
      "Position": [
        0.0,
        0.0,
        -4.0
      ],
      "Scale": [
        1.0,
        1.0,
        12.0
      ]
    }
  }
}